If a person A died before 25 June 1999, then person A could not have attended MJ & Friends.
If a person A died before 2002, then person A could not have attended El Último Tour Del Mundo.
If a person A was born after 27 June 1999, then person A could not have attended MJ & Friends.
If a person A was born after 2002, then person A could not have attended El Último Tour Del Mundo.
If a person A died before 2 December 1946, then person A could not have been a member of International Whaling Commission.
If a person A died before 1965, then person A could not have been a member of Inash Alusra.
If a person A died before 2019, then person A could not have watched Ted Lasso.
If a person A died before 2010, then person A could not have watched Yek Jahan Yek Jam.
If a person A died before 1774, then person A could not have read The Sorrows of Young Werther.
If a person A died before 1985, then person A could not have read Playing Murder.
If a person A died before 1938, then person A could not have worked for Denizbank.
If a person A died before 2019, then person A could not have worked for Senzoor.cz.
If a person A died before 1996, then person A could not have listened to They Don't Care About Us.
If a person A died before 1950, then person A could not have listened to Nasime vasl.
If a person A died before 1955, then person A could not have been influenced by Upír Krejčí.
If a person A died before 1955, then person A could not have been influenced by Mojtaba Pourbakhsh.
If a person A died before 1800, then A could not have spoken to someone 100 miles away.
If a person A died before 1800, then A could not have spoken to someone 100 miles away.
If a person A died before 1905, then A could not have supported Arminia Bielefeld.
If a person A died before 1970, then A could not have supported Aboomoslem F.C.
If a person A died before 1899, then A could not have supported AC Milan.
If a person A died before 1923, then A could not have supported Rīgas FK.
If person A died before 1934, then A could not have studied at University of Tehran.
If person A died before 1934, then A could not have studied at Farhangian University of Kazerun.
If person A died before 1859, then A could not have studied at Riga Technical University.
If person A died before 2000, then A could not have studied at Payame Noor University of Kazerun.
If person A died before 1965, then A could not have studied at Sharif University of Technology.
If person A died before 1993, then A could not have studied at Salman Farsi University of Kazerun.
If person A died before 1979, then A could not have fought in Iran-Iraq war.
If person A died before 1938, then A could not have fought in World War II.
If person A died before 1913, then A could not have fought in World War I.
If person A has major depressive disorder, then person A was not mentally healthy.
If person A has major depressive disorder, then it is likely for person A to visit a psychologist.
If person A has asthma, then person A suffers from a long-lasting medical condition.
If person A has bipolar disorder, then it is likely for person A to visit a psychologist.
If person A has diabetes, then person A suffers from a long-lasting medical condition.
If person A has bipolar disorder, then person A was not mentally healthy.
If person A has arterial hypertension, then person A suffers from a long-lasting medical condition.
If person A has bipolar disorder, then person A suffers from a long-lasting medical condition.
If person A has rheumatoid arthritis, then person A suffers from a long-lasting medical condition.
If person A has epilepsy, then person A suffers from a long-lasting medical condition.
If person A has Down syndrome, then A had a medical condition that was present at birth.
If person A has medical condition of cancer, then A's cell growth rate hasn't been normal.
If person A has medical condition of cancer, then it is likely for person A to have visited an oncologist.
If person A has Alzheimer’s Disease, then A's nervous system hasn't been normal.
If person A has Multiple Sclerosis, then A's nervous system hasn't been normal.
If person A has Parkinson’s Disease, then A's nervous system hasn't been normal.
If person A has Amyotrophic Lateral Sclerosis, then A's nervous system hasn't been normal.
If person A has Addison's disease, then A's energy level is likely to be abnormal.
If person A has hypothyroidism, then A's energy level is likely to be abnormal.
If person A has psoriasis, then someone can tell A is ill by looking at the body surface.
If person A has Eczema, then someone can tell A is ill by looking at the body surface.
If person A has Vitiligo, then someone can tell A is ill by looking at the body surface.
If person A has Rosacea, then someone can tell A is ill by looking at the body surface.
If person A died because of COVID-19, then antibiotics could not have prevented his death.
If person A died because of AIDS, then antibiotics could not have prevented his death.
If person A died because of HIV, then antibiotics could not have prevented his death.
If person A has Alzheimer’s Disease, then A's cognitive function has been abnormal.
If person A has the occupation of software engineer, then A must have knowledge of programming.
If person A has the occupation of mathematician, then A must understand formal mathematics.
If person A has the occupation of physician, then A must have medical knowledge.
If person A has the occupation of lawyer, then A must understand legal systems.
If person A has the occupation of architect, then A must understand building design.
If person A has the occupation of chemist, then A must understand chemical substances.
If person A has the occupation of historian, then A must study past events.
If person A has the occupation of economist, then A must understand economic systems.
If person A has the occupation of electrician, then A must understand electrical systems.
If person A has the occupation of mechanic, then A must understand mechanical systems.
If person A has the occupation of software engineer, then A requires computing devices to perform work.
If person A has the occupation of pilot, then A requires an aircraft to perform work.
If person A has the occupation of surgeon, then A requires medical instruments.
If person A has the occupation of photographer, then A requires a camera.
If person A has the occupation of farmer, then A requires land for production.
If person A has the occupation of miner, then A works in underground or open-pit environments.
If person A has the occupation of construction worker, then A works at construction sites.
If person A has the occupation of factory worker, then A works in an industrial facility.
If person A has the occupation of fisherman, then A requires access to bodies of water.
If person A has the occupation of truck driver, then A requires a vehicle.
If person A has the occupation of football player, then A requires cardiovascular fitness.
If person A has the occupation of marathon runner, then A requires endurance.
If person A has the occupation of firefighter, then A requires physical strength.
If person A has the occupation of dancer, then A requires motor coordination.
If person A has the occupation of pilot, then A requires sustained attention.
If person A has the occupation of air traffic controller, then A requires rapid decision-making.
If person A has the occupation of surgeon, then A requires fine motor skills.
If person A has the occupation of driver, then A requires vision.
If person A has the occupation of musician, then A requires auditory perception.
If A is a virus, then A cannot metabolize.
If object A is a bacteria, then A cannot be manufactured in a factory.
If object A is a bacteria, then A cannot be printed by a 3D printer.
If A is a virus, then A cannot be grasped by a human hand.
If A is a bacteria, then A cannot be grasped by a human hand.
If A is a bacteria, then A cannot be seen with a naked eye.
If A is a virus, then A cannot be seen with a naked eye.
If A is a bacterium, then A cannot suffer from asthma.
If a person A died before 1900, then A could not have made a phone call.
If a person A died before 1900, then A could not have sent an email.
If a person A was born before 1900, then A could not have used electric lighting during childhood.
If a person A died before 1900, then A could not have listened to a radio broadcast.
If a person A died before 1900, then A could not have watched television.
If a person A died before 1900, then A could not have posted her opinions on facebook.
If a person A was born before 1900, then A could have ridden in a car.
If a person A died before 1900, then A could not have programmed software.
If a person A died before 1900, then A could not have flown in an airplane.
If a person A died before 1900, then A could not have taken photographs.
If a device D is a computer software, then D cannot operate without an energy source.
If a device D is a computer software, then D cannot operate during a blackout.
If a product P is a software, then P cannot be shattered.
If a product P is a software, then P cannot be broken by a hammer.
If a product P is a software, then P cannot rust.
If person A worked in Albania, then A’s salary was paid in lek.
If person A worked in Italy, then A’s salary was paid in euro.
If person A worked in Aruba, then A’s income was paid in florin.
If person A worked in France, then A’s salary was paid in euro.
If person A worked in Anguilla, then A’s salary was paid in dollars.
If person A worked in Comoros, then A was likely paid in franc.
If person A worked in the UK, then A was likely paid in pounds sterling.
If person A worked in Costa rica, then A’s salary was paid in colon.
If person A worked in India, then A’s salary was paid in rupees.
If person A worked in Ethiopia, then A was paid in birr.
If person A worked in Canada, then A was paid in Canadian dollars.
If person A worked in Russia, then A was paid in rubles.
If person A worked in Mexico, then A was paid in pesos.
If person A worked in Brazil, then A was paid in reais.
If person A worked in Switzerland, then A was paid in Swiss francs.
If person A died before 1900, then A could not have used credit cards.
If person A died before 1971, then A could not have used a microchip-based ATM.
If person A died before 1860, then A could not have used electronic stock trading.
If person A died before 1990, then A could not have used online banking.
If person A died before 1970, then A could not have used modern calculators for accounting.
If person A died before 2007, then A could not have used mobile payment apps.
If person A died before 1950, then A could not have used barcodes for inventory.
If person A died before 1980, then A could not have used personal computers in business.
If person A died before 1967, then A could not have used automated teller machines.
If person A died before 1995, then A could not have used internet stock trading.
If person A was a member of a communist party, then A would favor a planned economy.
If person A supported socialism, then A favored wealth redistribution policies.
If person A was part of a fascist regime, then A supported state-controlled corporatism.
If person A can speak Italian, then he can communicate with Virginia Raggi without needing a translator.
If person A can speak Italian, then person A would likely not suffer from language barriers at Novara.
If person A can speak Persian, then he can communicate with Taraneh Alidoosti without needing a translator.
If person A can speak Persian, then person A would likely not suffer from language barriers at Lowshan.
If the height of building A is greater than 40 feet, then the top of building A would be visible if you submerge it in San Luis Pass.
If the height of building A is greater than 39 metre, then the top of building A would be visible if you submerge it in Bukhta Vityaz'.
If the height of building A is greater than 70 metre, then the top of building A would be visible if you submerge it in Gulf of Suez.
If the height of building A is less than 247 metre, then the top of building A would be visible if you submerge it in Kosterfjorden.
If the height of building A is greater than 60 metre, then the top of building A would be visible if you submerge it in Étang du Diable.
If the height of building A is less than 122 metre, then the top of building A would not be visible if you submerge it in Picton Passage.
If the area of town A is greater than 7 hectars, then A cannot fit it in Estany Blanc.
If the area of town A is smaller than 13000 hectars, then A can fit it in Valli di Comacchio.
If person A comes from Iran, then it is likely for A to have tried Ash reshteh.
If person A comes from Lebanon, then it is likely for A to have tried Sayadieh.
If person A was born in Chile, then the country of birth of person A is the same as the country where Galería Patricia Ready is located.
If person A was born in Chile, then the country of birth of person A is the same as the country where Catillo Thermal Baths is located.
If person A was born in Chile, then the country of birth of person A is the same as the country where Concha y Toro is located.
If person A was born in Chile, then the country of birth of person A is the same as the country where Casino Marina del Sol is located.
If person A was born in Bolivia, then the country of birth of person A is the same as the country where Hotel Los Tajibos is located.
If person A was born in Bolivia, then the country of birth of person A is the same as the country where Bolpress is from.
If person A was born in Bolivia, then the country of birth of person A is the same as the country where Agencia de Noticias Fides is from.
If enterprise A is located in Chile, then A is located in the same country as University of the Pacific.
If enterprise A is located in Chile, then A is located in the same country as Diego Portales University.
If person A was born in Concepción, then he died in the same administrative territorial entity as the University of Concepción.
If person A died in Concepción, then he died in the same administrative territorial entity as the University of Concepción.
If person A was a citizen of Bolivia, then he couldn't have voted for Gabriel Boric.
If person A was a citizen of Argentina, then he couldn't have voted for Gabriel Boric.
If person A was a citizen of Spain, then he couldn't have voted for Gabriel Boric.
If person A was a citizen of Ecuador, then he couldn't have voted for Gabriel Boric.
If person A was a citizen of Colombia, then he couldn't have voted for Gabriel Boric.
If person A was a citizen of Mexico, then he couldn't have voted for Gabriel Boric.
If person A was a citizen of Bolivia, then he couldn't have voted for Javier Milei.
If person A was a citizen of Argentina, then he couldn't have voted for Javier Milei.
If person A was a citizen of Spain, then he couldn't have voted for Javier Milei.
If person A was a citizen of Ecuador, then he couldn't have voted for Javier Milei.
If person A was a citizen of Colombia, then he couldn't have voted for Javier Milei.
If person A was a citizen of Mexico, then he couldn't have voted for Javier Milei.
If person A was a citizen of North korea, then he couldn't have voted for Kim Dae Jung.
If person A was a citizen of south korea and born after 1980, then he couldn't have voted for Kim Dae Jung.
If person A has the occupation of university professor, then person A would need a college degree.
If person A has the occupation of school teacher, then person A would have completed formal education beyond secondary school.
If person A has the occupation of biologist, then person A would likely know about Adenoviridae.
If person A has the occupation of physicist, then person A would likely know Newton’s laws of motion.
If person A has the occupation of mathematician, then person A would be familiar with algebra.
If person A has the occupation of chemist, then person A would likely know the periodic table.
If person A has the occupation of historian, then person A would likely study past events.
If person A has the occupation of economist, then person A would likely know basic economic theory.
If person A has the occupation of engineer, then person A would have studied mathematics.
If person A has the occupation of medical doctor, then person A completed medical school.
If person A has the occupation of lawyer, then person A completed legal education.
If person A earned a PhD, then person A completed postgraduate education.
If person A earned a master’s degree, then person A completed undergraduate education.
If person A earned a bachelor’s degree, then person A completed secondary education.
If person A was enrolled at a university, then person A pursued higher education.
If person A was born between January and March, then people in Gijduvan would likely be wearing jackets on his birthday.
If person A was born between January and March, then people in Shimbay would likely be wearing jackets on his birthday.
If person A was born between January and March, then people in Kungrad would likely be wearing jackets on his birthday.
If person A was born between January and March, then people in Xojeli would likely be wearing jackets on his birthday.
If person A was born between January and March, then people in Yangibozor would likely be wearing jackets on his birthday.
If person A was born between January and March, then people in Xonqa would likely be wearing jackets on his birthday.
If person A was born between January and March, then people in Shumanay would likely be wearing jackets on his birthday.
If person A was born between January and March, then people in Kegeyli would likely be wearing jackets on his birthday.
If person A was born between January and March, then people in Kanimekh would likely be wearing jackets on his birthday.
If person A was a participant in 1976 Summer Olympics, then he has competed in an athletic event in the western hemisphere.
If town A is in Iran, it would not be possible for an escapee from A to Saryshyganak.
If person A is a girl from a Latin American country and older than 15 years, then it is likely that she celebrated a quinceañera.
If person A was born in China, then A is likely familiar with Lunar New Year celebrations.
If person A is from Mexico, then A is likely familiar with Día de los Muertos.
If person A is from Germany, then A is likely familiar with Oktoberfest.
If person A is from Brazil, then A is likely familiar with Carnival.
If person A is from Scotland, then A is likely familiar with traditional bagpipes.
If person A is from Ireland, then A is likely familiar with St. Patrick’s Day.
If person A is from Spain, then A is likely familiar with flamenco.
If person A is a citizen of China, then A is likely familiar with Confucian-influenced values.
If person had religion or worldview of Islam, then person A would avoid a McRib sandwich.
If person had religion or worldview of Judaism, then person A would avoid a McRib sandwich.
If person A believed in Islam, then person A would likely fast during Ramadan.
If person A believed in Hinduism, then person A would likely believe in reincarnation.
If person A believed in Buddhism, then person A would not believe in a creator god in the same sense as Christianity.
If person A believed in Islam, then person A would likely avoid Vodka.
If person A believed in Islam, then person A would likely avoid coq au vin.
If person A believed in Mandaeism, then person A would likely consult Diwan Abatur for religous purposes.
If person A believed in Islam, then person A could celebrate Eid al-Fitr.
If person A believed in Judaism, then person A could celebrate Passover.
If person A believed in Hinduism, then person A could worship multiple deities.
If person A believed in Buddhism, then person A would not worship Hindu gods as deities.
If a person was a citizen of Germany, then person A would not require visas to watch 2024 UEFA Champions League Final in person.